# Manifiesto de cuadros normativos nacionales (D-13, ADR-0017; #188).
#
# Una fila por EDICION: la resolución entera, no una celda. Aquí no hay ninguna cifra del
# cuadro —están en `archivo_de_filas`, el derivado mecánico de la fuente— y por eso este
# archivo se puede leer entero de un vistazo aunque el cuadro tenga 18 043 filas.
#
# `sha256` es la huella del archivo de filas, y está escrita en el archivo del corpus que la
# fila nombra. `PublicarCuadros` la vuelve a calcular antes de publicar una sola fila y
# rechaza la edición entera si no coincide; `docs/10-negocio/verificar-cuadros.mjs` la
# comprueba además en cada PR, junto con el documento fuente y las dos firmas.
#
# Las dos últimas columnas son la doble firma de ADR-0007, copiadas de la cabecera del archivo
# del corpus, igual que en `parametros-2026.csv`. Quien corre el proceso no firma nada.
#
#   publicar-cuadros.sh --ambiente stg --archivo cuadros-2026.csv
#
# Qué NO está aquí, y por qué, en README.md de este directorio.
cuadro,tipo,clave,vigencia_desde,vigencia_hasta,documento_fuente,archivo_de_filas,sha256,archivo_del_corpus,transcribio,verifico
VALOR_REFERENCIAL,TABLA_VALORES_REFERENCIALES,2026,2026-01-01,2026-12-31,Resolución Ministerial N.° 008-2026-EF/15,../fuentes/tvr-2026/tvr-2026.csv,239a75a03ef76550018e844c990f4c1bb1a35390cab1b0163e05bd1a0121098a,vehicular-valores-referenciales-2026.md,JNA,HNA
